10000;0;0;0;0;0;0@0@0@0@0@0@0@0@0@0@0@0@0@0@0@00@1@0@0@0@0@1@0@0@1@0@0@0@0@1@00@0@1@0@0@0@1@0@0@1@0@0@0@1@0@00@0@0@1@1@1@1@1@1@1@1@1@1@0@0@00@0@0@0@0@0@0@0@0@0@0@0@0@0@0@00@0@0@1@1@1@1@1@1@1@1@1@1@0@0@00@0@1@0@0@0@1@0@0@1@0@0@0@1@0@00@1@0@0@0@0@1@0@0@1@0@0@0@0@1@00@0@0@0@0@0@0@0@0@0@0@0@0@0@0@0
10000;0;1;0;0;0;0@0@0@0@0@0@0@0@0@0@0@0@0@0@0@00@1@0@0@0@0@1@0@0@1@0@0@0@0@1@00@0@1@0@0@0@1@0@0@1@0@0@0@1@0@00@0@0@1@1@1@1@1@1@1@1@1@1@0@0@00@0@0@0@0@0@0@0@0@0@0@0@0@0@0@00@0@0@1@1@1@1@1@1@1@1@1@1@0@0@00@0@1@0@0@0@1@0@0@1@0@0@0@1@0@00@1@0@0@0@0@1@0@0@1@0@0@0@0@1@00@0@0@0@0@0@0@0@0@0@0@0@0@0@0@0
10000;0;2;0;0;0;0@0@0@0@0@0@0@0@0@0@0@0@0@0@0@00@1@0@0@0@0@1@0@0@1@0@0@0@0@1@00@0@1@0@0@0@1@0@0@1@0@0@0@1@0@00@0@0@1@1@1@1@1@1@1@1@1@1@0@0@00@0@0@0@0@0@0@0@0@0@0@0@0@0@0@00@0@0@1@1@1@1@1@1@1@1@1@1@0@0@00@0@1@0@0@0@1@0@0@1@0@0@0@1@0@00@1@0@0@0@0@1@0@0@1@0@0@0@0@1@00@0@0@0@0@0@0@0@0@0@0@0@0@0@0@0
11111;0;3;013#013#011#012#011#011#011#013#012#013#013#011#012#012#012#013#013#013#013#011#011#013#011#011#013#012#012#011#011#012#012#013#013#013#013#011#011#012#011#012#011#012#012#013#013#013#011#012#013#012#012#011#011#011#013#011#012#012#013#011#011#011#011#012#011#013#012#013#011#013#013#013#013#012#012#012#012#012#012#013#011#011#013#013#012#011#013#012#012#012#012#012#012#013#013#013#011#012#013#012#011#011#012#011#012#012#013#011#012#011#011#012#011#011#011#011#013#011#011#012#011#013#013#012#013#013#011#011#011#011#013#012#013#013#013#013#012#011#011#011#012#011#013#013;3;3;0@0@0@0@0@0@0@0@0@0@0@0@0@0@0@00@0@0@0@0@0@0@0@0@0@0@0@0@0@0@00@0@0@0@1@0@0@0@0@0@0@1@0@0@0@00@0@0@1@1@1@0@0@0@0@1@1@1@0@0@00@0@1@1@1@1@1@0@0@1@1@1@1@1@0@00@0@0@1@1@1@0@0@0@0@1@1@1@0@0@00@0@0@0@1@0@0@0@0@0@0@1@0@0@0@00@0@0@0@0@0@0@0@0@0@0@0@0@0@0@00@0@0@0@0@0@0@0@0@0@0@0@0@0@0@0
11111;0;4;011#013#012#013#012#013#013#012#011#012#013#011#011#013#011#013#011#011#011#011#012#013#012#013#011#011#012#011#012#013#013#013#011#011#012#012#013#013#013#012#011#012#011#012#013#012#013#013#011#011#012#013#011#012#011#011#012#011#011#011#012#012#013#011#011#011#012#012#011#013#011#012#011#011#013#012#013#012#012#011#013#013#012#013#013#012#013#011#011#012#013#011#011#012#011#013#013#012#012#011#013#012#012#012#013#012#012#012#013#012#011#013#012#011#011#011#011#013#011#013#011#012#011#012#011#012#013#013#012#011#012#013#012#013#011#012#013#012#013#012#011#011#013#013;3;3;0@0@0@0@0@0@0@0@0@0@0@0@0@0@0@00@1@0@0@0@0@1@0@0@1@0@0@0@0@1@00@0@1@0@0@0@1@0@0@1@0@0@0@1@0@00@0@0@1@1@1@1@1@1@1@1@1@1@0@0@00@0@0@0@0@0@0@0@0@0@0@0@0@0@0@00@0@0@1@1@1@1@1@1@1@1@1@1@0@0@00@0@1@0@0@0@1@0@0@1@0@0@0@1@0@00@1@0@0@0@0@1@0@0@1@0@0@0@0@1@00@0@0@0@0@0@0@0@0@0@0@0@0@0@0@0
11111;0;5;013#011#012#013#012#011#011#012#013#013#012#012#011#013#011#013#012#013#012#011#012#011#012#012#011#012#011#011#011#012#013#012#013#013#013#012#011#011#012#011#013#012#011#011#011#011#012#012#011#012#011#011#011#011#013#012#011#012#013#011#013#011#011#012#013#013#012#013#013#012#012#013#012#013#011#011#011#013#011#012#011#011#013#012#012#013#011#012#012#013#012#013#013#013#011#011#013#011#013#012#011#011#013#013#013#011#013#012#012#011#013#012#013#013#011#013#012#013#011#011#013#012#013#012#012#013#013#012#013#012#013#012#011#012#011#011#011#011#013#013#011#012#013#013;3;3;0@0@0@0@0@0@0@0@0@0@0@0@0@0@0@00@1@0@0@0@0@1@0@0@1@0@0@0@0@1@00@0@1@0@0@0@1@0@0@1@0@0@0@1@0@00@0@0@1@1@1@1@1@1@1@1@1@1@0@0@00@0@0@0@0@0@0@0@0@0@0@0@0@0@0@00@0@0@1@1@1@1@1@1@1@1@1@1@0@0@00@0@1@0@0@0@1@0@0@1@0@0@0@1@0@00@1@0@0@0@0@1@0@0@1@0@0@0@0@1@00@0@0@0@0@0@0@0@0@0@0@0@0@0@0@0
11111;0;6;012#011#012#011#012#011#011#011#013#011#011#012#013#013#011#012#013#013#012#012#013#013#011#013#012#012#013#012#012#013#012#012#012#011#011#012#013#013#011#011#011#013#013#011#013#012#013#012#013#011#012#012#013#012#011#012#013#012#012#012#011#013#013#011#013#012#012#011#013#013#011#011#011#011#011#013#012#012#013#013#011#011#012#012#013#013#013#012#012#011#012#012#012#013#013#013#013#013#012#012#012#012#012#011#012#011#013#011#013#011#011#013#011#012#011#012#013#011#012#013#012#011#013#011#011#011#011#011#012#013#013#012#011#012#013#011#011#013#012#013#013#012#013#012;3;3;0@0@0@0@0@0@0@0@0@0@0@0@0@0@0@00@0@0@0@0@0@0@0@0@0@0@0@0@0@0@00@0@0@0@1@0@0@0@0@0@0@1@0@0@0@00@0@0@1@1@1@0@0@0@0@1@1@1@0@0@00@0@1@1@1@1@1@0@0@1@1@1@1@1@0@00@0@0@1@1@1@0@0@0@0@1@1@1@0@0@00@0@0@0@1@0@0@0@0@0@0@1@0@0@0@00@0@0@0@0@0@0@0@0@0@0@0@0@0@0@00@0@0@0@0@0@0@0@0@0@0@0@0@0@0@0
11111;0;7;012#011#011#012#011#013#012#013#013#011#011#011#013#011#012#012#012#012#012#012#011#011#013#011#013#013#013#011#013#012#012#011#012#012#012#012#013#013#012#011#011#011#013#012#011#011#013#012#013#012#012#011#011#013#012#012#013#012#011#012#012#011#011#013#013#011#011#013#012#013#011#012#013#013#012#012#013#011#012#011#012#011#012#012#013#013#011#012#013#013#011#012#011#011#012#013#013#011#011#011#011#011#013#011#013#011#013#013#013#012#013#011#012#012#013#013#011#013#013#013#012#012#013#011#012#013#013#011#013#011#011#011#013#012#012#011#012#011#013#011#012#012#012#012;3;3;0@0@0@0@0@0@0@0@0@0@0@0@0@0@0@00@0@0@0@0@0@0@0@0@0@0@0@0@0@0@00@0@0@0@1@0@0@0@0@0@0@1@0@0@0@00@0@0@1@1@1@0@0@0@0@1@1@1@0@0@00@0@1@1@1@1@1@0@0@1@1@1@1@1@0@00@0@0@1@1@1@0@0@0@0@1@1@1@0@0@00@0@0@0@1@0@0@0@0@0@0@1@0@0@0@00@0@0@0@0@0@0@0@0@0@0@0@0@0@0@00@0@0@0@0@0@0@0@0@0@0@0@0@0@0@0
11111;0;8;2;2;2;0@0@0@0@0@0@0@0@0@0@0@0@0@0@0@00@0@0@0@0@0@0@0@0@0@0@0@0@0@0@00@0@0@0@1@0@0@0@0@0@0@1@0@0@0@00@0@0@1@1@1@0@0@0@0@1@1@1@0@0@00@0@1@1@1@1@1@0@0@1@1@1@1@1@0@00@0@0@1@1@1@0@0@0@0@1@1@1@0@0@00@0@0@0@1@0@0@0@0@0@0@1@0@0@0@00@0@0@0@0@0@0@0@0@0@0@0@0@0@0@00@0@0@0@0@0@0@0@0@0@0@0@0@0@0@0
11111;0;9;011#013#012#012#012#011#013#011#011#013#013#011#013#012#013#013#013#012#012#011#013#011#011#011#012#011#013#013#012#011#011#012#013#011#012#011#012#013#012#012#011#011#011#012#013#013#011#011#013#013#012#012#011#011#011#013#013#013#012#011#011#013#011#013#013#012#012#012#013#012#012#012#013#012#012#012#011#011#012#012#013#012#012#011#013#012#011#012#013#013#012#013#012#012#011#011#013#012#013#013#011#012#012#011#013#011#013#012#012#012#012#011#011#011#011#012#012#013#013#011#012#013#011#013#011#013#012#012#013#011#012#012#012#012#013#012#012#011#013#011#013#013#013#012;3;3;0@0@0@0@0@0@0@0@0@0@0@0@0@0@0@00@0@0@0@0@0@0@0@0@0@0@0@0@0@0@00@0@0@0@1@0@0@0@0@0@0@1@0@0@0@00@0@0@1@1@1@0@0@0@0@1@1@1@0@0@00@0@1@1@1@1@1@0@0@1@1@1@1@1@0@00@0@0@1@1@1@0@0@0@0@1@1@1@0@0@00@0@0@0@1@0@0@0@0@0@0@1@0@0@0@00@0@0@0@0@0@0@0@0@0@0@0@0@0@0@00@0@0@0@0@0@0@0@0@0@0@0@0@0@0@0
10000;1;0;0;0;0;0@0@0@0@0@0@0@0@0@0@0@0@0@0@0@00@0@0@0@0@0@0@0@0@0@0@0@0@0@0@00@0@0@0@1@0@0@0@0@0@0@1@0@0@0@00@0@0@1@1@1@0@0@0@0@1@1@1@0@0@00@0@1@1@1@1@1@0@0@1@1@1@1@1@0@00@0@0@1@1@1@0@0@0@0@1@1@1@0@0@00@0@0@0@1@0@0@0@0@0@0@1@0@0@0@00@0@0@0@0@0@0@0@0@0@0@0@0@0@0@00@0@0@0@0@0@0@0@0@0@0@0@0@0@0@0
10000;1;1;0;0;0;0@0@0@0@0@0@0@0@0@0@0@0@0@0@0@00@1@0@0@0@0@1@0@0@1@0@0@0@0@1@00@0@1@0@0@0@1@0@0@1@0@0@0@1@0@00@0@0@1@1@1@1@1@1@1@1@1@1@0@0@00@0@0@0@0@0@0@0@0@0@0@0@0@0@0@00@0@0@1@1@1@1@1@1@1@1@1@1@0@0@00@0@1@0@0@0@1@0@0@1@0@0@0@1@0@00@1@0@0@0@0@1@0@0@1@0@0@0@0@1@00@0@0@0@0@0@0@0@0@0@0@0@0@0@0@0
10000;1;2;0;0;0;0@0@0@0@0@0@0@0@0@0@0@0@0@0@0@00@1@0@0@0@0@1@0@0@1@0@0@0@0@1@00@0@1@0@0@0@1@0@0@1@0@0@0@1@0@00@0@0@1@1@1@1@1@1@1@1@1@1@0@0@00@0@0@0@0@0@0@0@0@0@0@0@0@0@0@00@0@0@1@1@1@1@1@1@1@1@1@1@0@0@00@0@1@0@0@0@1@0@0@1@0@0@0@1@0@00@1@0@0@0@0@1@0@0@1@0@0@0@0@1@00@0@0@0@0@0@0@0@0@0@0@0@0@0@0@0
11111;1;3;013#013#013#013#012#011#011#013#013#012#011#011#011#012#013#013#012#011#011#013#012#011#012#012#013#012#011#011#011#013#013#013#012#011#013#013#012#011#012#012#013#012#013#012#013#013#013#011#012#012#013#012#012#012#012#012#012#012#012#011#013#013#011#013#013#013#011#012#012#013#013#011#011#013#011#012#011#011#011#011#012#013#011#011#011#011#011#013#013#011#012#011#011#011#011#013#011#012#011#012#011#011#012#012#013#012#011#012#013#012#011#012#012#012#012#013#013#012#013#011#011#013#012#013#011#011#012#011#013#012#012#013#013#011#013#012#011#013#011#013#012#011#013#013;3;3;0@0@0@0@0@0@0@0@0@0@0@0@0@0@0@00@1@0@0@0@0@1@0@0@1@0@0@0@0@1@00@0@1@0@0@0@1@0@0@1@0@0@0@1@0@00@0@0@1@1@1@1@1@1@1@1@1@1@0@0@00@0@0@0@0@0@0@0@0@0@0@0@0@0@0@00@0@0@1@1@1@1@1@1@1@1@1@1@0@0@00@0@1@0@0@0@1@0@0@1@0@0@0@1@0@00@1@0@0@0@0@1@0@0@1@0@0@0@0@1@00@0@0@0@0@0@0@0@0@0@0@0@0@0@0@0
11111;1;4;013#012#012#013#012#013#013#011#011#013#012#012#013#012#012#012#013#013#013#013#013#013#011#013#013#013#012#011#011#013#011#012#012#011#012#011#012#011#013#012#013#013#012#013#011#011#012#013#013#013#012#012#011#013#012#013#013#013#013#011#013#013#012#012#011#013#011#011#013#012#012#013#011#012#011#011#013#012#013#013#013#012#013#013#012#012#013#013#012#012#012#013#011#013#011#012#012#013#012#011#013#012#011#011#011#012#011#012#013#011#013#013#012#012#013#013#013#011#011#011#011#011#011#012#013#013#012#012#013#012#011#011#012#013#012#012#011#012#012#013#011#013#013#013;3;3;0@0@0@0@0@0@0@0@0@0@0@0@0@0@0@00@1@0@0@0@0@1@0@0@1@0@0@0@0@1@00@0@1@0@0@0@1@0@0@1@0@0@0@1@0@00@0@0@1@1@1@1@1@1@1@1@1@1@0@0@00@0@0@0@0@0@0@0@0@0@0@0@0@0@0@00@0@0@1@1@1@1@1@1@1@1@1@1@0@0@00@0@1@0@0@0@1@0@0@1@0@0@0@1@0@00@1@0@0@0@0@1@0@0@1@0@0@0@0@1@00@0@0@0@0@0@0@0@0@0@0@0@0@0@0@0
11111;1;5;013#012#012#013#011#011#011#012#013#013#011#011#013#012#011#012#011#013#012#013#012#013#013#011#012#011#012#013#012#013#011#013#013#011#013#011#011#013#011#012#013#013#011#013#013#012#012#011#013#013#011#011#013#012#013#013#012#012#013#013#013#011#011#013#011#012#013#012#013#013#011#012#013#011#011#012#012#011#013#013#012#013#013#012#013#011#012#013#011#011#012#011#012#013#011#011#013#011#011#012#012#013#013#011#011#011#013#012#012#013#011#012#012#011#012#012#011#012#011#011#012#012#013#012#011#012#012#012#012#012#012#012#013#013#011#011#013#012#013#012#013#013#013#012;3;3;0@0@0@0@0@0@0@0@0@0@0@0@0@0@0@00@0@0@0@0@0@0@0@0@0@0@0@0@0@0@00@0@0@0@1@0@0@0@0@0@0@1@0@0@0@00@0@0@1@1@1@0@0@0@0@1@1@1@0@0@00@0@1@1@1@1@1@0@0@1@1@1@1@1@0@00@0@0@1@1@1@0@0@0@0@1@1@1@0@0@00@0@0@0@1@0@0@0@0@0@0@1@0@0@0@00@0@0@0@0@0@0@0@0@0@0@0@0@0@0@00@0@0@0@0@0@0@0@0@0@0@0@0@0@0@0
11111;1;6;013#011#011#012#012#012#011#013#012#012#013#012#012#013#012#013#011#012#012#013#011#013#011#011#013#011#012#012#011#013#011#013#013#013#012#012#013#012#013#011#012#013#013#013#012#012#013#013#012#013#013#011#012#013#012#011#013#011#012#013#011#012#013#013#013#013#012#011#012#013#011#013#012#011#013#012#012#013#013#013#013#013#011#011#013#013#011#012#011#011#013#013#011#013#012#011#011#013#011#012#013#011#013#011#013#012#012#013#012#011#011#013#013#013#011#012#011#012#011#012#013#011#013#013#012#011#011#012#011#011#013#012#011#013#012#013#011#011#011#013#011#013#013#013;3;3;0@0@0@0@0@0@0@0@0@0@0@0@0@0@0@00@0@0@0@0@0@0@0@0@0@0@0@0@0@0@00@0@0@0@1@0@0@0@0@0@0@1@0@0@0@00@0@0@1@1@1@0@0@0@0@1@1@1@0@0@00@0@1@1@1@1@1@0@0@1@1@1@1@1@0@00@0@0@1@1@1@0@0@0@0@1@1@1@0@0@00@0@0@0@1@0@0@0@0@0@0@1@0@0@0@00@0@0@0@0@0@0@0@0@0@0@0@0@0@0@00@0@0@0@0@0@0@0@0@0@0@0@0@0@0@0
10000;1;7;0;0;0;0@0@0@0@0@0@0@0@0@0@0@0@0@0@0@00@1@0@0@0@0@1@0@0@1@0@0@0@0@1@00@0@1@0@0@0@1@0@0@1@0@0@0@1@0@00@0@0@1@1@1@1@1@1@1@1@1@1@0@0@00@0@0@0@0@0@0@0@0@0@0@0@0@0@0@00@0@0@1@1@1@1@1@1@1@1@1@1@0@0@00@0@1@0@0@0@1@0@0@1@0@0@0@1@0@00@1@0@0@0@0@1@0@0@1@0@0@0@0@1@00@0@0@0@0@0@0@0@0@0@0@0@0@0@0@0
11111;1;8;011#013#012#011#011#013#011#011#011#012#013#013#012#012#011#012#011#011#013#011#013#013#012#012#011#013#011#011#012#013#013#012#012#012#011#013#013#011#011#013#013#013#011#011#013#011#011#012#011#011#013#013#012#011#011#013#011#013#012#012#012#012#012#013#013#011#012#012#013#013#012#012#011#013#013#011#011#011#013#013#011#013#011#011#012#012#011#013#012#011#011#012#012#011#013#012#013#012#011#013#011#012#012#012#012#013#011#012#011#013#011#013#013#013#013#011#013#012#013#013#012#013#013#011#011#012#011#012#011#011#013#012#011#012#012#011#012#013#011#012#011#012#011#011;3;3;0@0@0@0@0@0@0@0@0@0@0@0@0@0@0@00@1@0@0@0@0@1@0@0@1@0@0@0@0@1@00@0@1@0@0@0@1@0@0@1@0@0@0@1@0@00@0@0@1@1@1@1@1@1@1@1@1@1@0@0@00@0@0@0@0@0@0@0@0@0@0@0@0@0@0@00@0@0@1@1@1@1@1@1@1@1@1@1@0@0@00@0@1@0@0@0@1@0@0@1@0@0@0@1@0@00@1@0@0@0@0@1@0@0@1@0@0@0@0@1@00@0@0@0@0@0@0@0@0@0@0@0@0@0@0@0
10000;1;9;0;0;0;0@0@0@0@0@0@0@0@0@0@0@0@0@0@0@00@0@0@0@0@0@0@0@0@0@0@0@0@0@0@00@0@0@0@1@0@0@0@0@0@0@1@0@0@0@00@0@0@1@1@1@0@0@0@0@1@1@1@0@0@00@0@1@1@1@1@1@0@0@1@1@1@1@1@0@00@0@0@1@1@1@0@0@0@0@1@1@1@0@0@00@0@0@0@1@0@0@0@0@0@0@1@0@0@0@00@0@0@0@0@0@0@0@0@0@0@0@0@0@0@00@0@0@0@0@0@0@0@0@0@0@0@0@0@0@0
10000;2;0;0;0;0;0@0@0@0@0@0@0@0@0@0@0@0@0@0@0@00@0@0@0@0@0@0@0@0@0@0@0@0@0@0@00@0@0@0@1@0@0@0@0@0@0@1@0@0@0@00@0@0@1@1@1@0@0@0@0@1@1@1@0@0@00@0@1@1@1@1@1@0@0@1@1@1@1@1@0@00@0@0@1@1@1@0@0@0@0@1@1@1@0@0@00@0@0@0@1@0@0@0@0@0@0@1@0@0@0@00@0@0@0@0@0@0@0@0@0@0@0@0@0@0@00@0@0@0@0@0@0@0@0@0@0@0@0@0@0@0
10000;2;1;0;0;0;0@0@0@0@0@0@0@0@0@0@0@0@0@0@0@00@0@0@0@0@0@0@0@0@0@0@0@0@0@0@00@0@0@0@1@0@0@0@0@0@0@1@0@0@0@00@0@0@1@1@1@0@0@0@0@1@1@1@0@0@00@0@1@1@1@1@1@0@0@1@1@1@1@1@0@00@0@0@1@1@1@0@0@0@0@1@1@1@0@0@00@0@0@0@1@0@0@0@0@0@0@1@0@0@0@00@0@0@0@0@0@0@0@0@0@0@0@0@0@0@00@0@0@0@0@0@0@0@0@0@0@0@0@0@0@0
10000;2;2;0;0;0;0@0@0@0@0@0@0@0@0@0@0@0@0@0@0@00@1@0@0@0@0@1@0@0@1@0@0@0@0@1@00@0@1@0@0@0@1@0@0@1@0@0@0@1@0@00@0@0@1@1@1@1@1@1@1@1@1@1@0@0@00@0@0@0@0@0@0@0@0@0@0@0@0@0@0@00@0@0@1@1@1@1@1@1@1@1@1@1@0@0@00@0@1@0@0@0@1@0@0@1@0@0@0@1@0@00@1@0@0@0@0@1@0@0@1@0@0@0@0@1@00@0@0@0@0@0@0@0@0@0@0@0@0@0@0@0
11111;2;3;013#012#013#012#012#013#012#012#013#011#012#011#012#012#013#012#011#013#013#011#011#012#013#012#011#012#013#011#012#011#011#013#013#012#012#011#012#011#013#012#012#012#012#012#012#011#012#012#011#011#013#013#012#011#013#011#013#013#012#012#013#011#013#012#012#013#011#011#011#013#012#011#011#011#012#012#011#012#012#013#011#011#012#011#012#012#011#011#013#013#013#013#012#011#012#011#011#012#011#013#013#012#013#012#013#011#012#013#011#011#012#012#013#011#013#013#012#011#012#011#013#011#013#012#012#012#011#012#011#012#011#013#012#012#011#012#012#011#012#011#011#013#011#013;3;3;0@0@0@0@0@0@0@0@0@0@0@0@0@0@0@00@0@0@0@0@0@0@0@0@0@0@0@0@0@0@00@0@0@0@1@0@0@0@0@0@0@1@0@0@0@00@0@0@1@1@1@0@0@0@0@1@1@1@0@0@00@0@1@1@1@1@1@0@0@1@1@1@1@1@0@00@0@0@1@1@1@0@0@0@0@1@1@1@0@0@00@0@0@0@1@0@0@0@0@0@0@1@0@0@0@00@0@0@0@0@0@0@0@0@0@0@0@0@0@0@00@0@0@0@0@0@0@0@0@0@0@0@0@0@0@0
10000;2;4;0;0;0;0@0@0@0@0@0@0@0@0@0@0@0@0@0@0@00@0@0@0@0@0@0@0@0@0@0@0@0@0@0@00@0@0@0@1@0@0@0@0@0@0@1@0@0@0@00@0@0@1@1@1@0@0@0@0@1@1@1@0@0@00@0@1@1@1@1@1@0@0@1@1@1@1@1@0@00@0@0@1@1@1@0@0@0@0@1@1@1@0@0@00@0@0@0@1@0@0@0@0@0@0@1@0@0@0@00@0@0@0@0@0@0@0@0@0@0@0@0@0@0@00@0@0@0@0@0@0@0@0@0@0@0@0@0@0@0
10000;2;5;0;0;0;0@0@0@0@0@0@0@0@0@0@0@0@0@0@0@00@0@0@0@0@0@0@0@0@0@0@0@0@0@0@00@0@0@0@1@0@0@0@0@0@0@1@0@0@0@00@0@0@1@1@1@0@0@0@0@1@1@1@0@0@00@0@1@1@1@1@1@0@0@1@1@1@1@1@0@00@0@0@1@1@1@0@0@0@0@1@1@1@0@0@00@0@0@0@1@0@0@0@0@0@0@1@0@0@0@00@0@0@0@0@0@0@0@0@0@0@0@0@0@0@00@0@0@0@0@0@0@0@0@0@0@0@0@0@0@0
10000;2;6;0;0;0;0@0@0@0@0@0@0@0@0@0@0@0@0@0@0@00@0@0@0@0@0@0@0@0@0@0@0@0@0@0@00@0@0@0@1@0@0@0@0@0@0@1@0@0@0@00@0@0@1@1@1@0@0@0@0@1@1@1@0@0@00@0@1@1@1@1@1@0@0@1@1@1@1@1@0@00@0@0@1@1@1@0@0@0@0@1@1@1@0@0@00@0@0@0@1@0@0@0@0@0@0@1@0@0@0@00@0@0@0@0@0@0@0@0@0@0@0@0@0@0@00@0@0@0@0@0@0@0@0@0@0@0@0@0@0@0
11111;2;7;012#012#011#011#012#013#013#011#011#013#012#012#012#012#013#012#012#012#011#013#011#013#012#011#013#013#012#012#013#012#012#013#012#011#011#011#011#013#012#013#012#011#011#011#013#013#012#013#012#011#012#012#011#011#012#013#013#011#013#012#013#013#011#011#011#011#011#011#012#011#012#013#011#013#012#013#011#013#013#013#013#013#013#013#012#013#012#013#011#011#013#012#011#011#011#012#013#011#012#013#012#013#012#012#012#013#013#013#011#013#012#013#012#011#011#013#012#011#013#011#012#012#011#013#013#013#012#011#013#012#013#011#013#013#013#013#012#013#012#013#013#011#013#011;3;3;0@0@0@0@0@0@0@0@0@0@0@0@0@0@0@00@1@0@0@0@0@1@0@0@1@0@0@0@0@1@00@0@1@0@0@0@1@0@0@1@0@0@0@1@0@00@0@0@1@1@1@1@1@1@1@1@1@1@0@0@00@0@0@0@0@0@0@0@0@0@0@0@0@0@0@00@0@0@1@1@1@1@1@1@1@1@1@1@0@0@00@0@1@0@0@0@1@0@0@1@0@0@0@1@0@00@1@0@0@0@0@1@0@0@1@0@0@0@0@1@00@0@0@0@0@0@0@0@0@0@0@0@0@0@0@0
11111;2;8;013#011#012#012#013#011#012#011#011#013#011#012#012#012#013#012#013#012#011#012#011#013#012#011#012#011#012#013#013#011#011#012#011#011#013#011#012#011#013#011#013#013#013#012#012#013#012#012#011#011#011#012#012#012#011#012#011#011#011#012#012#012#012#012#012#013#013#013#011#012#011#011#011#011#012#011#013#011#011#012#013#011#012#012#011#012#013#012#013#013#011#011#011#012#011#011#011#011#012#012#011#012#013#012#012#012#011#011#013#012#013#012#011#011#012#012#013#011#013#011#013#012#011#013#013#013#013#013#011#013#012#013#013#013#013#012#012#011#011#012#013#011#012#011;3;3;0@0@0@0@0@0@0@0@0@0@0@0@0@0@0@00@1@0@0@0@0@1@0@0@1@0@0@0@0@1@00@0@1@0@0@0@1@0@0@1@0@0@0@1@0@00@0@0@1@1@1@1@1@1@1@1@1@1@0@0@00@0@0@0@0@0@0@0@0@0@0@0@0@0@0@00@0@0@1@1@1@1@1@1@1@1@1@1@0@0@00@0@1@0@0@0@1@0@0@1@0@0@0@1@0@00@1@0@0@0@0@1@0@0@1@0@0@0@0@1@00@0@0@0@0@0@0@0@0@0@0@0@0@0@0@0
11111;2;9;013#012#013#013#013#011#012#013#011#012#013#011#012#013#013#011#012#013#011#012#012#011#013#012#012#011#013#013#013#013#011#011#011#012#012#013#012#011#013#013#013#011#013#011#012#012#013#012#011#011#012#011#012#011#011#011#013#013#011#012#013#011#013#012#012#011#012#011#012#011#013#013#011#012#012#011#012#013#012#013#011#013#013#013#011#013#013#012#012#013#012#012#011#011#013#012#011#011#013#011#013#012#013#012#013#011#012#012#012#013#012#013#013#011#012#013#013#012#013#012#011#013#012#011#012#011#011#013#013#012#013#011#011#011#013#013#012#012#013#012#012#011#013#012;3;3;0@0@0@0@0@0@0@0@0@0@0@0@0@0@0@00@0@0@0@0@0@0@0@0@0@0@0@0@0@0@00@0@0@0@1@0@0@0@0@0@0@1@0@0@0@00@0@0@1@1@1@0@0@0@0@1@1@1@0@0@00@0@1@1@1@1@1@0@0@1@1@1@1@1@0@00@0@0@1@1@1@0@0@0@0@1@1@1@0@0@00@0@0@0@1@0@0@0@0@0@0@1@0@0@0@00@0@0@0@0@0@0@0@0@0@0@0@0@0@0@00@0@0@0@0@0@0@0@0@0@0@0@0@0@0@0
10000;3;0;0;0;0;0@0@0@0@0@0@0@0@0@0@0@0@0@0@0@00@0@0@0@0@0@0@0@0@0@0@0@0@0@0@00@0@0@0@1@0@0@0@0@0@0@1@0@0@0@00@0@0@1@1@1@0@0@0@0@1@1@1@0@0@00@0@1@1@1@1@1@0@0@1@1@1@1@1@0@00@0@0@1@1@1@0@0@0@0@1@1@1@0@0@00@0@0@0@1@0@0@0@0@0@0@1@0@0@0@00@0@0@0@0@0@0@0@0@0@0@0@0@0@0@00@0@0@0@0@0@0@0@0@0@0@0@0@0@0@0
10000;3;1;0;0;0;0@0@0@0@0@0@0@0@0@0@0@0@0@0@0@00@0@0@0@0@0@0@0@0@0@0@0@0@0@0@00@0@0@0@1@0@0@0@0@0@0@1@0@0@0@00@0@0@1@1@1@0@0@0@0@1@1@1@0@0@00@0@1@1@1@1@1@0@0@1@1@1@1@1@0@00@0@0@1@1@1@0@0@0@0@1@1@1@0@0@00@0@0@0@1@0@0@0@0@0@0@1@0@0@0@00@0@0@0@0@0@0@0@0@0@0@0@0@0@0@00@0@0@0@0@0@0@0@0@0@0@0@0@0@0@0
10000;3;2;0;0;0;0@0@0@0@0@0@0@0@0@0@0@0@0@0@0@00@1@0@0@0@0@1@0@0@1@0@0@0@0@1@00@0@1@0@0@0@1@0@0@1@0@0@0@1@0@00@0@0@1@1@1@1@1@1@1@1@1@1@0@0@00@0@0@0@0@0@0@0@0@0@0@0@0@0@0@00@0@0@1@1@1@1@1@1@1@1@1@1@0@0@00@0@1@0@0@0@1@0@0@1@0@0@0@1@0@00@1@0@0@0@0@1@0@0@1@0@0@0@0@1@00@0@0@0@0@0@0@0@0@0@0@0@0@0@0@0
11111;3;3;013#013#012#011#012#013#012#012#012#012#011#012#012#012#011#011#012#011#013#011#011#012#013#012#011#013#013#011#013#012#013#011#013#013#011#011#013#011#013#011#013#013#013#012#012#013#013#013#013#013#011#011#013#011#013#011#012#012#011#011#012#011#013#012#013#011#012#011#012#011#011#012#013#011#011#012#012#013#013#012#012#012#013#011#012#013#013#011#011#012#012#012#013#011#011#011#011#013#013#013#013#012#013#013#013#012#013#013#011#013#012#012#013#011#012#012#011#013#013#011#012#011#013#012#012#012#012#012#013#011#012#011#011#011#012#012#013#011#012#013#011#011#012#011;4;4;0@0@0@0@0@0@0@0@0@0@0@0@0@0@0@00@1@0@0@0@0@1@0@0@1@0@0@0@0@1@00@0@1@0@0@0@1@0@0@1@0@0@0@1@0@00@0@0@1@1@1@1@1@1@1@1@1@1@0@0@00@0@0@0@0@0@0@0@0@0@0@0@0@0@0@00@0@0@1@1@1@1@1@1@1@1@1@1@0@0@00@0@1@0@0@0@1@0@0@1@0@0@0@1@0@00@1@0@0@0@0@1@0@0@1@0@0@0@0@1@00@0@0@0@0@0@0@0@0@0@0@0@0@0@0@0
10000;3;4;0;0;0;0@0@0@0@0@0@0@0@0@0@0@0@0@0@0@00@1@0@0@0@0@1@0@0@1@0@0@0@0@1@00@0@1@0@0@0@1@0@0@1@0@0@0@1@0@00@0@0@1@1@1@1@1@1@1@1@1@1@0@0@00@0@0@0@0@0@0@0@0@0@0@0@0@0@0@00@0@0@1@1@1@1@1@1@1@1@1@1@0@0@00@0@1@0@0@0@1@0@0@1@0@0@0@1@0@00@1@0@0@0@0@1@0@0@1@0@0@0@0@1@00@0@0@0@0@0@0@0@0@0@0@0@0@0@0@0
10000;3;5;0;0;0;0@0@0@0@0@0@0@0@0@0@0@0@0@0@0@00@1@0@0@0@0@1@0@0@1@0@0@0@0@1@00@0@1@0@0@0@1@0@0@1@0@0@0@1@0@00@0@0@1@1@1@1@1@1@1@1@1@1@0@0@00@0@0@0@0@0@0@0@0@0@0@0@0@0@0@00@0@0@1@1@1@1@1@1@1@1@1@1@0@0@00@0@1@0@0@0@1@0@0@1@0@0@0@1@0@00@1@0@0@0@0@1@0@0@1@0@0@0@0@1@00@0@0@0@0@0@0@0@0@0@0@0@0@0@0@0
10000;3;6;0;0;0;0@0@0@0@0@0@0@0@0@0@0@0@0@0@0@00@0@0@0@0@0@0@0@0@0@0@0@0@0@0@00@0@0@0@1@0@0@0@0@0@0@1@0@0@0@00@0@0@1@1@1@0@0@0@0@1@1@1@0@0@00@0@1@1@1@1@1@0@0@1@1@1@1@1@0@00@0@0@1@1@1@0@0@0@0@1@1@1@0@0@00@0@0@0@1@0@0@0@0@0@0@1@0@0@0@00@0@0@0@0@0@0@0@0@0@0@0@0@0@0@00@0@0@0@0@0@0@0@0@0@0@0@0@0@0@0
10000;3;7;0;0;0;0@0@0@0@0@0@0@0@0@0@0@0@0@0@0@00@1@0@0@0@0@1@0@0@1@0@0@0@0@1@00@0@1@0@0@0@1@0@0@1@0@0@0@1@0@00@0@0@1@1@1@1@1@1@1@1@1@1@0@0@00@0@0@0@0@0@0@0@0@0@0@0@0@0@0@00@0@0@1@1@1@1@1@1@1@1@1@1@0@0@00@0@1@0@0@0@1@0@0@1@0@0@0@1@0@00@1@0@0@0@0@1@0@0@1@0@0@0@0@1@00@0@0@0@0@0@0@0@0@0@0@0@0@0@0@0
11111;3;8;013#013#011#011#013#013#011#011#012#012#011#012#011#011#012#012#013#013#011#013#012#013#011#011#011#012#012#011#013#012#011#012#012#013#012#012#013#013#013#013#013#011#012#011#012#013#011#012#012#012#012#012#012#013#012#013#011#013#011#012#013#013#013#013#013#011#011#012#011#012#012#013#011#011#011#012#013#013#012#013#013#012#013#012#013#011#011#013#012#011#013#011#011#011#012#013#011#013#011#013#012#012#013#011#012#011#013#011#013#011#013#011#013#012#011#012#012#013#011#012#013#013#012#013#011#012#012#013#012#013#011#013#012#013#013#011#012#012#011#012#013#011#013#012;3;3;0@0@0@0@0@0@0@0@0@0@0@0@0@0@0@00@1@0@0@0@0@1@0@0@1@0@0@0@0@1@00@0@1@0@0@0@1@0@0@1@0@0@0@1@0@00@0@0@1@1@1@1@1@1@1@1@1@1@0@0@00@0@0@0@0@0@0@0@0@0@0@0@0@0@0@00@0@0@1@1@1@1@1@1@1@1@1@1@0@0@00@0@1@0@0@0@1@0@0@1@0@0@0@1@0@00@1@0@0@0@0@1@0@0@1@0@0@0@0@1@00@0@0@0@0@0@0@0@0@0@0@0@0@0@0@0
10000;3;9;0;0;0;0@0@0@0@0@0@0@0@0@0@0@0@0@0@0@00@1@0@0@0@0@1@0@0@1@0@0@0@0@1@00@0@1@0@0@0@1@0@0@1@0@0@0@1@0@00@0@0@1@1@1@1@1@1@1@1@1@1@0@0@00@0@0@0@0@0@0@0@0@0@0@0@0@0@0@00@0@0@1@1@1@1@1@1@1@1@1@1@0@0@00@0@1@0@0@0@1@0@0@1@0@0@0@1@0@00@1@0@0@0@0@1@0@0@1@0@0@0@0@1@00@0@0@0@0@0@0@0@0@0@0@0@0@0@0@0
10000;4;0;0;0;0;0@0@0@0@0@0@0@0@0@0@0@0@0@0@0@00@0@0@0@0@0@0@0@0@0@0@0@0@0@0@00@0@0@0@1@0@0@0@0@0@0@1@0@0@0@00@0@0@1@1@1@0@0@0@0@1@1@1@0@0@00@0@1@1@1@1@1@0@0@1@1@1@1@1@0@00@0@0@1@1@1@0@0@0@0@1@1@1@0@0@00@0@0@0@1@0@0@0@0@0@0@1@0@0@0@00@0@0@0@0@0@0@0@0@0@0@0@0@0@0@00@0@0@0@0@0@0@0@0@0@0@0@0@0@0@0
10000;4;1;0;0;0;0@0@0@0@0@0@0@0@0@0@0@0@0@0@0@00@1@0@0@0@0@1@0@0@1@0@0@0@0@1@00@0@1@0@0@0@1@0@0@1@0@0@0@1@0@00@0@0@1@1@1@1@1@1@1@1@1@1@0@0@00@0@0@0@0@0@0@0@0@0@0@0@0@0@0@00@0@0@1@1@1@1@1@1@1@1@1@1@0@0@00@0@1@0@0@0@1@0@0@1@0@0@0@1@0@00@1@0@0@0@0@1@0@0@1@0@0@0@0@1@00@0@0@0@0@0@0@0@0@0@0@0@0@0@0@0
10000;4;2;0;0;0;0@0@0@0@0@0@0@0@0@0@0@0@0@0@0@00@1@0@0@0@0@1@0@0@1@0@0@0@0@1@00@0@1@0@0@0@1@0@0@1@0@0@0@1@0@00@0@0@1@1@1@1@1@1@1@1@1@1@0@0@00@0@0@0@0@0@0@0@0@0@0@0@0@0@0@00@0@0@1@1@1@1@1@1@1@1@1@1@0@0@00@0@1@0@0@0@1@0@0@1@0@0@0@1@0@00@1@0@0@0@0@1@0@0@1@0@0@0@0@1@00@0@0@0@0@0@0@0@0@0@0@0@0@0@0@0
10000;4;3;0;0;0;0@0@0@0@0@0@0@0@0@0@0@0@0@0@0@00@0@0@0@0@0@0@0@0@0@0@0@0@0@0@00@0@0@0@1@0@0@0@0@0@0@1@0@0@0@00@0@0@1@1@1@0@0@0@0@1@1@1@0@0@00@0@1@1@1@1@1@0@0@1@1@1@1@1@0@00@0@0@1@1@1@0@0@0@0@1@1@1@0@0@00@0@0@0@1@0@0@0@0@0@0@1@0@0@0@00@0@0@0@0@0@0@0@0@0@0@0@0@0@0@00@0@0@0@0@0@0@0@0@0@0@0@0@0@0@0
10000;4;4;0;0;0;0@0@0@0@0@0@0@0@0@0@0@0@0@0@0@00@0@0@0@0@0@0@0@0@0@0@0@0@0@0@00@0@0@0@1@0@0@0@0@0@0@1@0@0@0@00@0@0@1@1@1@0@0@0@0@1@1@1@0@0@00@0@1@1@1@1@1@0@0@1@1@1@1@1@0@00@0@0@1@1@1@0@0@0@0@1@1@1@0@0@00@0@0@0@1@0@0@0@0@0@0@1@0@0@0@00@0@0@0@0@0@0@0@0@0@0@0@0@0@0@00@0@0@0@0@0@0@0@0@0@0@0@0@0@0@0
10000;4;5;0;0;0;0@0@0@0@0@0@0@0@0@0@0@0@0@0@0@00@1@0@0@0@0@1@0@0@1@0@0@0@0@1@00@0@1@0@0@0@1@0@0@1@0@0@0@1@0@00@0@0@1@1@1@1@1@1@1@1@1@1@0@0@00@0@0@0@0@0@0@0@0@0@0@0@0@0@0@00@0@0@1@1@1@1@1@1@1@1@1@1@0@0@00@0@1@0@0@0@1@0@0@1@0@0@0@1@0@00@1@0@0@0@0@1@0@0@1@0@0@0@0@1@00@0@0@0@0@0@0@0@0@0@0@0@0@0@0@0
10000;4;6;0;0;0;0@0@0@0@0@0@0@0@0@0@0@0@0@0@0@00@0@0@0@0@0@0@0@0@0@0@0@0@0@0@00@0@0@0@1@0@0@0@0@0@0@1@0@0@0@00@0@0@1@1@1@0@0@0@0@1@1@1@0@0@00@0@1@1@1@1@1@0@0@1@1@1@1@1@0@00@0@0@1@1@1@0@0@0@0@1@1@1@0@0@00@0@0@0@1@0@0@0@0@0@0@1@0@0@0@00@0@0@0@0@0@0@0@0@0@0@0@0@0@0@00@0@0@0@0@0@0@0@0@0@0@0@0@0@0@0
11111;4;7;012#013#013#011#012#013#012#011#012#011#012#011#011#011#012#012#012#011#012#012#013#013#013#011#012#012#011#012#011#013#011#012#012#011#012#013#011#012#012#011#013#013#013#013#011#011#013#012#013#011#013#013#012#011#013#011#011#012#011#011#011#011#012#013#012#013#011#012#012#012#013#013#012#011#013#013#013#013#013#012#011#013#011#011#011#011#012#012#011#013#011#011#012#011#011#011#011#013#013#012#011#013#011#013#013#012#011#012#012#012#013#013#013#013#013#012#012#012#013#013#012#013#012#011#011#013#011#012#013#012#012#012#012#012#012#011#012#013#011#011#011#011#012#011;3;3;0@0@0@0@0@0@0@0@0@0@0@0@0@0@0@00@1@0@0@0@0@1@0@0@1@0@0@0@0@1@00@0@1@0@0@0@1@0@0@1@0@0@0@1@0@00@0@0@1@1@1@1@1@1@1@1@1@1@0@0@00@0@0@0@0@0@0@0@0@0@0@0@0@0@0@00@0@0@1@1@1@1@1@1@1@1@1@1@0@0@00@0@1@0@0@0@1@0@0@1@0@0@0@1@0@00@1@0@0@0@0@1@0@0@1@0@0@0@0@1@00@0@0@0@0@0@0@0@0@0@0@0@0@0@0@0
11111;4;8;011#012#011#013#011#013#011#013#013#011#012#012#013#013#013#011#011#012#011#013#011#013#012#011#011#012#012#011#013#013#013#012#011#011#012#011#011#012#011#011#013#012#012#011#013#013#013#013#011#011#013#011#011#013#011#011#011#013#012#011#011#011#013#013#012#013#013#011#012#012#012#013#011#013#013#012#012#012#012#012#012#013#013#013#011#012#012#011#012#013#012#012#013#013#012#012#013#012#011#013#013#012#013#013#011#011#013#011#013#011#013#011#012#013#012#012#011#012#013#013#012#011#013#011#011#013#011#013#013#013#012#012#011#011#013#013#011#013#012#013#013#011#012#011;3;3;0@0@0@0@0@0@0@0@0@0@0@0@0@0@0@00@1@0@0@0@0@1@0@0@1@0@0@0@0@1@00@0@1@0@0@0@1@0@0@1@0@0@0@1@0@00@0@0@1@1@1@1@1@1@1@1@1@1@0@0@00@0@0@0@0@0@0@0@0@0@0@0@0@0@0@00@0@0@1@1@1@1@1@1@1@1@1@1@0@0@00@0@1@0@0@0@1@0@0@1@0@0@0@1@0@00@1@0@0@0@0@1@0@0@1@0@0@0@0@1@00@0@0@0@0@0@0@0@0@0@0@0@0@0@0@0
10000;4;9;0;0;0;0@0@0@0@0@0@0@0@0@0@0@0@0@0@0@00@1@0@0@0@0@1@0@0@1@0@0@0@0@1@00@0@1@0@0@0@1@0@0@1@0@0@0@1@0@00@0@0@1@1@1@1@1@1@1@1@1@1@0@0@00@0@0@0@0@0@0@0@0@0@0@0@0@0@0@00@0@0@1@1@1@1@1@1@1@1@1@1@0@0@00@0@1@0@0@0@1@0@0@1@0@0@0@1@0@00@1@0@0@0@0@1@0@0@1@0@0@0@0@1@00@0@0@0@0@0@0@0@0@0@0@0@0@0@0@0
10000;5;0;0;0;0;0@0@0@0@0@0@0@0@0@0@0@0@0@0@0@00@1@0@0@0@0@1@0@0@1@0@0@0@0@1@00@0@1@0@0@0@1@0@0@1@0@0@0@1@0@00@0@0@1@1@1@1@1@1@1@1@1@1@0@0@00@0@0@0@0@0@0@0@0@0@0@0@0@0@0@00@0@0@1@1@1@1@1@1@1@1@1@1@0@0@00@0@1@0@0@0@1@0@0@1@0@0@0@1@0@00@1@0@0@0@0@1@0@0@1@0@0@0@0@1@00@0@0@0@0@0@0@0@0@0@0@0@0@0@0@0
10000;5;1;0;0;0;0@0@0@0@0@0@0@0@0@0@0@0@0@0@0@00@0@0@0@0@0@0@0@0@0@0@0@0@0@0@00@0@0@0@1@0@0@0@0@0@0@1@0@0@0@00@0@0@1@1@1@0@0@0@0@1@1@1@0@0@00@0@1@1@1@1@1@0@0@1@1@1@1@1@0@00@0@0@1@1@1@0@0@0@0@1@1@1@0@0@00@0@0@0@1@0@0@0@0@0@0@1@0@0@0@00@0@0@0@0@0@0@0@0@0@0@0@0@0@0@00@0@0@0@0@0@0@0@0@0@0@0@0@0@0@0
10000;5;2;0;0;0;0@0@0@0@0@0@0@0@0@0@0@0@0@0@0@00@0@0@0@0@0@0@0@0@0@0@0@0@0@0@00@0@0@0@1@0@0@0@0@0@0@1@0@0@0@00@0@0@1@1@1@0@0@0@0@1@1@1@0@0@00@0@1@1@1@1@1@0@0@1@1@1@1@1@0@00@0@0@1@1@1@0@0@0@0@1@1@1@0@0@00@0@0@0@1@0@0@0@0@0@0@1@0@0@0@00@0@0@0@0@0@0@0@0@0@0@0@0@0@0@00@0@0@0@0@0@0@0@0@0@0@0@0@0@0@0
10000;5;3;0;0;0;0@0@0@0@0@0@0@0@0@0@0@0@0@0@0@00@1@0@0@0@0@1@0@0@1@0@0@0@0@1@00@0@1@0@0@0@1@0@0@1@0@0@0@1@0@00@0@0@1@1@1@1@1@1@1@1@1@1@0@0@00@0@0@0@0@0@0@0@0@0@0@0@0@0@0@00@0@0@1@1@1@1@1@1@1@1@1@1@0@0@00@0@1@0@0@0@1@0@0@1@0@0@0@1@0@00@1@0@0@0@0@1@0@0@1@0@0@0@0@1@00@0@0@0@0@0@0@0@0@0@0@0@0@0@0@0
10000;5;4;0;0;0;0@0@0@0@0@0@0@0@0@0@0@0@0@0@0@00@1@0@0@0@0@1@0@0@1@0@0@0@0@1@00@0@1@0@0@0@1@0@0@1@0@0@0@1@0@00@0@0@1@1@1@1@1@1@1@1@1@1@0@0@00@0@0@0@0@0@0@0@0@0@0@0@0@0@0@00@0@0@1@1@1@1@1@1@1@1@1@1@0@0@00@0@1@0@0@0@1@0@0@1@0@0@0@1@0@00@1@0@0@0@0@1@0@0@1@0@0@0@0@1@00@0@0@0@0@0@0@0@0@0@0@0@0@0@0@0
10000;5;5;0;0;0;0@0@0@0@0@0@0@0@0@0@0@0@0@0@0@00@1@0@0@0@0@1@0@0@1@0@0@0@0@1@00@0@1@0@0@0@1@0@0@1@0@0@0@1@0@00@0@0@1@1@1@1@1@1@1@1@1@1@0@0@00@0@0@0@0@0@0@0@0@0@0@0@0@0@0@00@0@0@1@1@1@1@1@1@1@1@1@1@0@0@00@0@1@0@0@0@1@0@0@1@0@0@0@1@0@00@1@0@0@0@0@1@0@0@1@0@0@0@0@1@00@0@0@0@0@0@0@0@0@0@0@0@0@0@0@0
10000;5;6;0;0;0;0@0@0@0@0@0@0@0@0@0@0@0@0@0@0@00@0@0@0@0@0@0@0@0@0@0@0@0@0@0@00@0@0@0@1@0@0@0@0@0@0@1@0@0@0@00@0@0@1@1@1@0@0@0@0@1@1@1@0@0@00@0@1@1@1@1@1@0@0@1@1@1@1@1@0@00@0@0@1@1@1@0@0@0@0@1@1@1@0@0@00@0@0@0@1@0@0@0@0@0@0@1@0@0@0@00@0@0@0@0@0@0@0@0@0@0@0@0@0@0@00@0@0@0@0@0@0@0@0@0@0@0@0@0@0@0
10000;5;7;0;0;0;0@0@0@0@0@0@0@0@0@0@0@0@0@0@0@00@0@0@0@0@0@0@0@0@0@0@0@0@0@0@00@0@0@0@1@0@0@0@0@0@0@1@0@0@0@00@0@0@1@1@1@0@0@0@0@1@1@1@0@0@00@0@1@1@1@1@1@0@0@1@1@1@1@1@0@00@0@0@1@1@1@0@0@0@0@1@1@1@0@0@00@0@0@0@1@0@0@0@0@0@0@1@0@0@0@00@0@0@0@0@0@0@0@0@0@0@0@0@0@0@00@0@0@0@0@0@0@0@0@0@0@0@0@0@0@0
11111;5;8;012#013#011#013#011#012#013#012#013#012#013#012#013#013#011#013#011#013#012#011#012#011#013#012#012#012#011#013#011#011#012#012#013#011#011#011#011#013#011#011#013#013#013#011#012#011#011#011#012#013#012#011#013#012#013#012#011#013#012#011#012#013#011#013#012#012#013#012#012#013#013#013#013#013#011#012#011#013#011#011#011#011#013#013#011#013#013#013#011#012#012#011#012#012#012#011#013#011#013#011#012#012#012#011#011#013#011#011#011#011#011#012#011#012#011#011#011#011#013#013#013#012#011#013#013#013#013#011#013#011#012#012#011#012#013#012#012#011#013#011#012#012#013#013;3;3;0@0@0@0@0@0@0@0@0@0@0@0@0@0@0@00@0@0@0@0@0@0@0@0@0@0@0@0@0@0@00@0@0@0@1@0@0@0@0@0@0@1@0@0@0@00@0@0@1@1@1@0@0@0@0@1@1@1@0@0@00@0@1@1@1@1@1@0@0@1@1@1@1@1@0@00@0@0@1@1@1@0@0@0@0@1@1@1@0@0@00@0@0@0@1@0@0@0@0@0@0@1@0@0@0@00@0@0@0@0@0@0@0@0@0@0@0@0@0@0@00@0@0@0@0@0@0@0@0@0@0@0@0@0@0@0
10000;5;9;0;0;0;0@0@0@0@0@0@0@0@0@0@0@0@0@0@0@00@1@0@0@0@0@1@0@0@1@0@0@0@0@1@00@0@1@0@0@0@1@0@0@1@0@0@0@1@0@00@0@0@1@1@1@1@1@1@1@1@1@1@0@0@00@0@0@0@0@0@0@0@0@0@0@0@0@0@0@00@0@0@1@1@1@1@1@1@1@1@1@1@0@0@00@0@1@0@0@0@1@0@0@1@0@0@0@1@0@00@1@0@0@0@0@1@0@0@1@0@0@0@0@1@00@0@0@0@0@0@0@0@0@0@0@0@0@0@0@0
10000;6;0;0;0;0;0@0@0@0@0@0@0@0@0@0@0@0@0@0@0@00@0@0@0@0@0@0@0@0@0@0@0@0@0@0@00@0@0@0@1@0@0@0@0@0@0@1@0@0@0@00@0@0@1@1@1@0@0@0@0@1@1@1@0@0@00@0@1@1@1@1@1@0@0@1@1@1@1@1@0@00@0@0@1@1@1@0@0@0@0@1@1@1@0@0@00@0@0@0@1@0@0@0@0@0@0@1@0@0@0@00@0@0@0@0@0@0@0@0@0@0@0@0@0@0@00@0@0@0@0@0@0@0@0@0@0@0@0@0@0@0
10000;6;1;0;0;0;0@0@0@0@0@0@0@0@0@0@0@0@0@0@0@00@0@0@0@0@0@0@0@0@0@0@0@0@0@0@00@0@0@0@1@0@0@0@0@0@0@1@0@0@0@00@0@0@1@1@1@0@0@0@0@1@1@1@0@0@00@0@1@1@1@1@1@0@0@1@1@1@1@1@0@00@0@0@1@1@1@0@0@0@0@1@1@1@0@0@00@0@0@0@1@0@0@0@0@0@0@1@0@0@0@00@0@0@0@0@0@0@0@0@0@0@0@0@0@0@00@0@0@0@0@0@0@0@0@0@0@0@0@0@0@0
10000;6;2;0;0;0;0@0@0@0@0@0@0@0@0@0@0@0@0@0@0@00@0@0@0@0@0@0@0@0@0@0@0@0@0@0@00@0@0@0@1@0@0@0@0@0@0@1@0@0@0@00@0@0@1@1@1@0@0@0@0@1@1@1@0@0@00@0@1@1@1@1@1@0@0@1@1@1@1@1@0@00@0@0@1@1@1@0@0@0@0@1@1@1@0@0@00@0@0@0@1@0@0@0@0@0@0@1@0@0@0@00@0@0@0@0@0@0@0@0@0@0@0@0@0@0@00@0@0@0@0@0@0@0@0@0@0@0@0@0@0@0
10000;6;3;0;0;0;0@0@0@0@0@0@0@0@0@0@0@0@0@0@0@00@0@0@0@0@0@0@0@0@0@0@0@0@0@0@00@0@0@0@1@0@0@0@0@0@0@1@0@0@0@00@0@0@1@1@1@0@0@0@0@1@1@1@0@0@00@0@1@1@1@1@1@0@0@1@1@1@1@1@0@00@0@0@1@1@1@0@0@0@0@1@1@1@0@0@00@0@0@0@1@0@0@0@0@0@0@1@0@0@0@00@0@0@0@0@0@0@0@0@0@0@0@0@0@0@00@0@0@0@0@0@0@0@0@0@0@0@0@0@0@0
10000;6;4;0;0;0;0@0@0@0@0@0@0@0@0@0@0@0@0@0@0@00@1@0@0@0@0@1@0@0@1@0@0@0@0@1@00@0@1@0@0@0@1@0@0@1@0@0@0@1@0@00@0@0@1@1@1@1@1@1@1@1@1@1@0@0@00@0@0@0@0@0@0@0@0@0@0@0@0@0@0@00@0@0@1@1@1@1@1@1@1@1@1@1@0@0@00@0@1@0@0@0@1@0@0@1@0@0@0@1@0@00@1@0@0@0@0@1@0@0@1@0@0@0@0@1@00@0@0@0@0@0@0@0@0@0@0@0@0@0@0@0
10000;6;5;0;0;0;0@0@0@0@0@0@0@0@0@0@0@0@0@0@0@00@1@0@0@0@0@1@0@0@1@0@0@0@0@1@00@0@1@0@0@0@1@0@0@1@0@0@0@1@0@00@0@0@1@1@1@1@1@1@1@1@1@1@0@0@00@0@0@0@0@0@0@0@0@0@0@0@0@0@0@00@0@0@1@1@1@1@1@1@1@1@1@1@0@0@00@0@1@0@0@0@1@0@0@1@0@0@0@1@0@00@1@0@0@0@0@1@0@0@1@0@0@0@0@1@00@0@0@0@0@0@0@0@0@0@0@0@0@0@0@0
10000;6;6;0;0;0;0@0@0@0@0@0@0@0@0@0@0@0@0@0@0@00@1@0@0@0@0@1@0@0@1@0@0@0@0@1@00@0@1@0@0@0@1@0@0@1@0@0@0@1@0@00@0@0@1@1@1@1@1@1@1@1@1@1@0@0@00@0@0@0@0@0@0@0@0@0@0@0@0@0@0@00@0@0@1@1@1@1@1@1@1@1@1@1@0@0@00@0@1@0@0@0@1@0@0@1@0@0@0@1@0@00@1@0@0@0@0@1@0@0@1@0@0@0@0@1@00@0@0@0@0@0@0@0@0@0@0@0@0@0@0@0
11111;6;7;012#011#012#012#013#011#013#013#013#013#013#011#013#011#012#012#012#012#013#012#012#013#013#011#012#013#013#012#013#013#013#013#011#013#013#012#013#012#012#012#011#013#013#013#013#013#011#012#012#011#011#013#012#012#012#013#012#011#012#013#013#012#013#011#012#012#011#013#011#012#012#012#013#013#013#012#012#013#013#011#011#011#012#011#012#013#012#013#013#011#011#013#011#011#011#011#013#011#012#011#012#012#013#011#012#012#013#011#011#013#011#013#012#012#011#013#011#011#012#012#013#013#012#013#013#013#011#011#011#011#012#011#012#011#012#011#011#011#011#013#012#011#011#011;3;3;0@0@0@0@0@0@0@0@0@0@0@0@0@0@0@00@0@0@0@0@0@0@0@0@0@0@0@0@0@0@00@0@0@0@1@0@0@0@0@0@0@1@0@0@0@00@0@0@1@1@1@0@0@0@0@1@1@1@0@0@00@0@1@1@1@1@1@0@0@1@1@1@1@1@0@00@0@0@1@1@1@0@0@0@0@1@1@1@0@0@00@0@0@0@1@0@0@0@0@0@0@1@0@0@0@00@0@0@0@0@0@0@0@0@0@0@0@0@0@0@00@0@0@0@0@0@0@0@0@0@0@0@0@0@0@0
11111;6;8;012#011#011#012#013#012#011#012#012#012#012#011#012#013#011#011#011#013#012#013#011#013#012#013#012#013#012#011#011#012#013#011#013#013#011#011#012#012#012#012#011#012#012#013#013#012#011#012#011#013#013#012#012#013#013#012#011#011#012#011#011#012#012#012#012#011#011#012#013#011#013#013#012#013#012#013#011#012#012#011#011#011#011#012#012#012#011#011#013#013#012#011#012#013#013#013#011#013#013#011#012#012#012#013#011#013#012#012#013#013#013#011#012#013#012#012#012#011#013#013#013#012#011#011#013#012#011#011#013#011#011#012#012#012#011#012#012#011#013#013#011#013#011#013;4;4;0@0@0@0@0@0@0@0@0@0@0@0@0@0@0@00@0@0@0@0@0@0@0@0@0@0@0@0@0@0@00@0@0@0@1@0@0@0@0@0@0@1@0@0@0@00@0@0@1@1@1@0@0@0@0@1@1@1@0@0@00@0@1@1@1@1@1@0@0@1@1@1@1@1@0@00@0@0@1@1@1@0@0@0@0@1@1@1@0@0@00@0@0@0@1@0@0@0@0@0@0@1@0@0@0@00@0@0@0@0@0@0@0@0@0@0@0@0@0@0@00@0@0@0@0@0@0@0@0@0@0@0@0@0@0@0
10000;6;9;0;0;0;0@0@0@0@0@0@0@0@0@0@0@0@0@0@0@00@1@0@0@0@0@1@0@0@1@0@0@0@0@1@00@0@1@0@0@0@1@0@0@1@0@0@0@1@0@00@0@0@1@1@1@1@1@1@1@1@1@1@0@0@00@0@0@0@0@0@0@0@0@0@0@0@0@0@0@00@0@0@1@1@1@1@1@1@1@1@1@1@0@0@00@0@1@0@0@0@1@0@0@1@0@0@0@1@0@00@1@0@0@0@0@1@0@0@1@0@0@0@0@1@00@0@0@0@0@0@0@0@0@0@0@0@0@0@0@0
10000;7;0;0;0;0;0@0@0@0@0@0@0@0@0@0@0@0@0@0@0@00@0@0@0@0@0@0@0@0@0@0@0@0@0@0@00@0@0@0@1@0@0@0@0@0@0@1@0@0@0@00@0@0@1@1@1@0@0@0@0@1@1@1@0@0@00@0@1@1@1@1@1@0@0@1@1@1@1@1@0@00@0@0@1@1@1@0@0@0@0@1@1@1@0@0@00@0@0@0@1@0@0@0@0@0@0@1@0@0@0@00@0@0@0@0@0@0@0@0@0@0@0@0@0@0@00@0@0@0@0@0@0@0@0@0@0@0@0@0@0@0
10000;7;1;0;0;0;0@0@0@0@0@0@0@0@0@0@0@0@0@0@0@00@0@0@0@0@0@0@0@0@0@0@0@0@0@0@00@0@0@0@1@0@0@0@0@0@0@1@0@0@0@00@0@0@1@1@1@0@0@0@0@1@1@1@0@0@00@0@1@1@1@1@1@0@0@1@1@1@1@1@0@00@0@0@1@1@1@0@0@0@0@1@1@1@0@0@00@0@0@0@1@0@0@0@0@0@0@1@0@0@0@00@0@0@0@0@0@0@0@0@0@0@0@0@0@0@00@0@0@0@0@0@0@0@0@0@0@0@0@0@0@0
10000;7;2;0;0;0;0@0@0@0@0@0@0@0@0@0@0@0@0@0@0@00@1@0@0@0@0@1@0@0@1@0@0@0@0@1@00@0@1@0@0@0@1@0@0@1@0@0@0@1@0@00@0@0@1@1@1@1@1@1@1@1@1@1@0@0@00@0@0@0@0@0@0@0@0@0@0@0@0@0@0@00@0@0@1@1@1@1@1@1@1@1@1@1@0@0@00@0@1@0@0@0@1@0@0@1@0@0@0@1@0@00@1@0@0@0@0@1@0@0@1@0@0@0@0@1@00@0@0@0@0@0@0@0@0@0@0@0@0@0@0@0
10000;7;3;0;0;0;0@0@0@0@0@0@0@0@0@0@0@0@0@0@0@00@0@0@0@0@0@0@0@0@0@0@0@0@0@0@00@0@0@0@1@0@0@0@0@0@0@1@0@0@0@00@0@0@1@1@1@0@0@0@0@1@1@1@0@0@00@0@1@1@1@1@1@0@0@1@1@1@1@1@0@00@0@0@1@1@1@0@0@0@0@1@1@1@0@0@00@0@0@0@1@0@0@0@0@0@0@1@0@0@0@00@0@0@0@0@0@0@0@0@0@0@0@0@0@0@00@0@0@0@0@0@0@0@0@0@0@0@0@0@0@0
10000;7;4;0;0;0;0@0@0@0@0@0@0@0@0@0@0@0@0@0@0@00@0@0@0@0@0@0@0@0@0@0@0@0@0@0@00@0@0@0@1@0@0@0@0@0@0@1@0@0@0@00@0@0@1@1@1@0@0@0@0@1@1@1@0@0@00@0@1@1@1@1@1@0@0@1@1@1@1@1@0@00@0@0@1@1@1@0@0@0@0@1@1@1@0@0@00@0@0@0@1@0@0@0@0@0@0@1@0@0@0@00@0@0@0@0@0@0@0@0@0@0@0@0@0@0@00@0@0@0@0@0@0@0@0@0@0@0@0@0@0@0
10000;7;5;0;0;0;0@0@0@0@0@0@0@0@0@0@0@0@0@0@0@00@0@0@0@0@0@0@0@0@0@0@0@0@0@0@00@0@0@0@1@0@0@0@0@0@0@1@0@0@0@00@0@0@1@1@1@0@0@0@0@1@1@1@0@0@00@0@1@1@1@1@1@0@0@1@1@1@1@1@0@00@0@0@1@1@1@0@0@0@0@1@1@1@0@0@00@0@0@0@1@0@0@0@0@0@0@1@0@0@0@00@0@0@0@0@0@0@0@0@0@0@0@0@0@0@00@0@0@0@0@0@0@0@0@0@0@0@0@0@0@0
10000;7;6;0;0;0;0@0@0@0@0@0@0@0@0@0@0@0@0@0@0@00@0@0@0@0@0@0@0@0@0@0@0@0@0@0@00@0@0@0@1@0@0@0@0@0@0@1@0@0@0@00@0@0@1@1@1@0@0@0@0@1@1@1@0@0@00@0@1@1@1@1@1@0@0@1@1@1@1@1@0@00@0@0@1@1@1@0@0@0@0@1@1@1@0@0@00@0@0@0@1@0@0@0@0@0@0@1@0@0@0@00@0@0@0@0@0@0@0@0@0@0@0@0@0@0@00@0@0@0@0@0@0@0@0@0@0@0@0@0@0@0
11111;7;7;1;1;1;0@0@0@0@0@0@0@0@0@0@0@0@0@0@0@00@1@0@0@0@0@1@0@0@1@0@0@0@0@1@00@0@1@0@0@0@1@0@0@1@0@0@0@1@0@00@0@0@1@1@1@1@1@1@1@1@1@1@0@0@00@0@0@0@0@0@0@0@0@0@0@0@0@0@0@00@0@0@1@1@1@1@1@1@1@1@1@1@0@0@00@0@1@0@0@0@1@0@0@1@0@0@0@1@0@00@1@0@0@0@0@1@0@0@1@0@0@0@0@1@00@0@0@0@0@0@0@0@0@0@0@0@0@0@0@0
11111;7;8;012#013#013#012#012#012#013#011#013#013#012#012#013#013#012#012#011#011#013#011#013#011#012#013#011#013#011#013#013#011#011#011#012#012#013#011#011#013#013#013#013#011#013#012#012#011#013#012#013#012#013#013#013#012#011#011#012#012#012#012#012#012#013#012#013#013#011#011#013#013#011#013#011#012#011#012#011#013#013#011#011#013#011#012#011#013#012#011#013#013#013#013#013#011#012#012#012#012#013#012#013#012#011#011#013#011#013#012#013#011#013#011#012#012#012#013#011#013#013#013#012#011#011#013#011#011#012#013#012#013#011#011#013#012#011#012#013#013#011#011#011#012#012#011;3;3;0@0@0@0@0@0@0@0@0@0@0@0@0@0@0@00@1@0@0@0@0@1@0@0@1@0@0@0@0@1@00@0@1@0@0@0@1@0@0@1@0@0@0@1@0@00@0@0@1@1@1@1@1@1@1@1@1@1@0@0@00@0@0@0@0@0@0@0@0@0@0@0@0@0@0@00@0@0@1@1@1@1@1@1@1@1@1@1@0@0@00@0@1@0@0@0@1@0@0@1@0@0@0@1@0@00@1@0@0@0@0@1@0@0@1@0@0@0@0@1@00@0@0@0@0@0@0@0@0@0@0@0@0@0@0@0
10000;7;9;0;0;0;0@0@0@0@0@0@0@0@0@0@0@0@0@0@0@00@0@0@0@0@0@0@0@0@0@0@0@0@0@0@00@0@0@0@1@0@0@0@0@0@0@1@0@0@0@00@0@0@1@1@1@0@0@0@0@1@1@1@0@0@00@0@1@1@1@1@1@0@0@1@1@1@1@1@0@00@0@0@1@1@1@0@0@0@0@1@1@1@0@0@00@0@0@0@1@0@0@0@0@0@0@1@0@0@0@00@0@0@0@0@0@0@0@0@0@0@0@0@0@0@00@0@0@0@0@0@0@0@0@0@0@0@0@0@0@0
10000;8;0;0;0;0;0@0@0@0@0@0@0@0@0@0@0@0@0@0@0@00@1@0@0@0@0@1@0@0@1@0@0@0@0@1@00@0@1@0@0@0@1@0@0@1@0@0@0@1@0@00@0@0@1@1@1@1@1@1@1@1@1@1@0@0@00@0@0@0@0@0@0@0@0@0@0@0@0@0@0@00@0@0@1@1@1@1@1@1@1@1@1@1@0@0@00@0@1@0@0@0@1@0@0@1@0@0@0@1@0@00@1@0@0@0@0@1@0@0@1@0@0@0@0@1@00@0@0@0@0@0@0@0@0@0@0@0@0@0@0@0
10000;8;1;0;0;0;0@0@0@0@0@0@0@0@0@0@0@0@0@0@0@00@0@0@0@0@0@0@0@0@0@0@0@0@0@0@00@0@0@0@1@0@0@0@0@0@0@1@0@0@0@00@0@0@1@1@1@0@0@0@0@1@1@1@0@0@00@0@1@1@1@1@1@0@0@1@1@1@1@1@0@00@0@0@1@1@1@0@0@0@0@1@1@1@0@0@00@0@0@0@1@0@0@0@0@0@0@1@0@0@0@00@0@0@0@0@0@0@0@0@0@0@0@0@0@0@00@0@0@0@0@0@0@0@0@0@0@0@0@0@0@0
10000;8;2;0;0;0;0@0@0@0@0@0@0@0@0@0@0@0@0@0@0@00@0@0@0@0@0@0@0@0@0@0@0@0@0@0@00@0@0@0@1@0@0@0@0@0@0@1@0@0@0@00@0@0@1@1@1@0@0@0@0@1@1@1@0@0@00@0@1@1@1@1@1@0@0@1@1@1@1@1@0@00@0@0@1@1@1@0@0@0@0@1@1@1@0@0@00@0@0@0@1@0@0@0@0@0@0@1@0@0@0@00@0@0@0@0@0@0@0@0@0@0@0@0@0@0@00@0@0@0@0@0@0@0@0@0@0@0@0@0@0@0
10000;8;3;0;0;0;0@0@0@0@0@0@0@0@0@0@0@0@0@0@0@00@1@0@0@0@0@1@0@0@1@0@0@0@0@1@00@0@1@0@0@0@1@0@0@1@0@0@0@1@0@00@0@0@1@1@1@1@1@1@1@1@1@1@0@0@00@0@0@0@0@0@0@0@0@0@0@0@0@0@0@00@0@0@1@1@1@1@1@1@1@1@1@1@0@0@00@0@1@0@0@0@1@0@0@1@0@0@0@1@0@00@1@0@0@0@0@1@0@0@1@0@0@0@0@1@00@0@0@0@0@0@0@0@0@0@0@0@0@0@0@0
10000;8;4;0;0;0;0@0@0@0@0@0@0@0@0@0@0@0@0@0@0@00@1@0@0@0@0@1@0@0@1@0@0@0@0@1@00@0@1@0@0@0@1@0@0@1@0@0@0@1@0@00@0@0@1@1@1@1@1@1@1@1@1@1@0@0@00@0@0@0@0@0@0@0@0@0@0@0@0@0@0@00@0@0@1@1@1@1@1@1@1@1@1@1@0@0@00@0@1@0@0@0@1@0@0@1@0@0@0@1@0@00@1@0@0@0@0@1@0@0@1@0@0@0@0@1@00@0@0@0@0@0@0@0@0@0@0@0@0@0@0@0
10000;8;5;0;0;0;0@0@0@0@0@0@0@0@0@0@0@0@0@0@0@00@0@0@0@0@0@0@0@0@0@0@0@0@0@0@00@0@0@0@1@0@0@0@0@0@0@1@0@0@0@00@0@0@1@1@1@0@0@0@0@1@1@1@0@0@00@0@1@1@1@1@1@0@0@1@1@1@1@1@0@00@0@0@1@1@1@0@0@0@0@1@1@1@0@0@00@0@0@0@1@0@0@0@0@0@0@1@0@0@0@00@0@0@0@0@0@0@0@0@0@0@0@0@0@0@00@0@0@0@0@0@0@0@0@0@0@0@0@0@0@0
10000;8;6;0;0;0;0@0@0@0@0@0@0@0@0@0@0@0@0@0@0@00@1@0@0@0@0@1@0@0@1@0@0@0@0@1@00@0@1@0@0@0@1@0@0@1@0@0@0@1@0@00@0@0@1@1@1@1@1@1@1@1@1@1@0@0@00@0@0@0@0@0@0@0@0@0@0@0@0@0@0@00@0@0@1@1@1@1@1@1@1@1@1@1@0@0@00@0@1@0@0@0@1@0@0@1@0@0@0@1@0@00@1@0@0@0@0@1@0@0@1@0@0@0@0@1@00@0@0@0@0@0@0@0@0@0@0@0@0@0@0@0
10000;8;7;0;0;0;0@0@0@0@0@0@0@0@0@0@0@0@0@0@0@00@1@0@0@0@0@1@0@0@1@0@0@0@0@1@00@0@1@0@0@0@1@0@0@1@0@0@0@1@0@00@0@0@1@1@1@1@1@1@1@1@1@1@0@0@00@0@0@0@0@0@0@0@0@0@0@0@0@0@0@00@0@0@1@1@1@1@1@1@1@1@1@1@0@0@00@0@1@0@0@0@1@0@0@1@0@0@0@1@0@00@1@0@0@0@0@1@0@0@1@0@0@0@0@1@00@0@0@0@0@0@0@0@0@0@0@0@0@0@0@0
10000;8;8;0;0;0;0@0@0@0@0@0@0@0@0@0@0@0@0@0@0@00@1@0@0@0@0@1@0@0@1@0@0@0@0@1@00@0@1@0@0@0@1@0@0@1@0@0@0@1@0@00@0@0@1@1@1@1@1@1@1@1@1@1@0@0@00@0@0@0@0@0@0@0@0@0@0@0@0@0@0@00@0@0@1@1@1@1@1@1@1@1@1@1@0@0@00@0@1@0@0@0@1@0@0@1@0@0@0@1@0@00@1@0@0@0@0@1@0@0@1@0@0@0@0@1@00@0@0@0@0@0@0@0@0@0@0@0@0@0@0@0
10000;8;9;0;0;0;0@0@0@0@0@0@0@0@0@0@0@0@0@0@0@00@1@0@0@0@0@1@0@0@1@0@0@0@0@1@00@0@1@0@0@0@1@0@0@1@0@0@0@1@0@00@0@0@1@1@1@1@1@1@1@1@1@1@0@0@00@0@0@0@0@0@0@0@0@0@0@0@0@0@0@00@0@0@1@1@1@1@1@1@1@1@1@1@0@0@00@0@1@0@0@0@1@0@0@1@0@0@0@1@0@00@1@0@0@0@0@1@0@0@1@0@0@0@0@1@00@0@0@0@0@0@0@0@0@0@0@0@0@0@0@0
10000;9;0;0;0;0;0@0@0@0@0@0@0@0@0@0@0@0@0@0@0@00@0@0@0@0@0@0@0@0@0@0@0@0@0@0@00@0@0@0@1@0@0@0@0@0@0@1@0@0@0@00@0@0@1@1@1@0@0@0@0@1@1@1@0@0@00@0@1@1@1@1@1@0@0@1@1@1@1@1@0@00@0@0@1@1@1@0@0@0@0@1@1@1@0@0@00@0@0@0@1@0@0@0@0@0@0@1@0@0@0@00@0@0@0@0@0@0@0@0@0@0@0@0@0@0@00@0@0@0@0@0@0@0@0@0@0@0@0@0@0@0
10000;9;1;0;0;0;0@0@0@0@0@0@0@0@0@0@0@0@0@0@0@00@1@0@0@0@0@1@0@0@1@0@0@0@0@1@00@0@1@0@0@0@1@0@0@1@0@0@0@1@0@00@0@0@1@1@1@1@1@1@1@1@1@1@0@0@00@0@0@0@0@0@0@0@0@0@0@0@0@0@0@00@0@0@1@1@1@1@1@1@1@1@1@1@0@0@00@0@1@0@0@0@1@0@0@1@0@0@0@1@0@00@1@0@0@0@0@1@0@0@1@0@0@0@0@1@00@0@0@0@0@0@0@0@0@0@0@0@0@0@0@0
10000;9;2;0;0;0;0@0@0@0@0@0@0@0@0@0@0@0@0@0@0@00@1@0@0@0@0@1@0@0@1@0@0@0@0@1@00@0@1@0@0@0@1@0@0@1@0@0@0@1@0@00@0@0@1@1@1@1@1@1@1@1@1@1@0@0@00@0@0@0@0@0@0@0@0@0@0@0@0@0@0@00@0@0@1@1@1@1@1@1@1@1@1@1@0@0@00@0@1@0@0@0@1@0@0@1@0@0@0@1@0@00@1@0@0@0@0@1@0@0@1@0@0@0@0@1@00@0@0@0@0@0@0@0@0@0@0@0@0@0@0@0
10000;9;3;0;0;0;0@0@0@0@0@0@0@0@0@0@0@0@0@0@0@00@0@0@0@0@0@0@0@0@0@0@0@0@0@0@00@0@0@0@1@0@0@0@0@0@0@1@0@0@0@00@0@0@1@1@1@0@0@0@0@1@1@1@0@0@00@0@1@1@1@1@1@0@0@1@1@1@1@1@0@00@0@0@1@1@1@0@0@0@0@1@1@1@0@0@00@0@0@0@1@0@0@0@0@0@0@1@0@0@0@00@0@0@0@0@0@0@0@0@0@0@0@0@0@0@00@0@0@0@0@0@0@0@0@0@0@0@0@0@0@0
10000;9;4;0;0;0;0@0@0@0@0@0@0@0@0@0@0@0@0@0@0@00@1@0@0@0@0@1@0@0@1@0@0@0@0@1@00@0@1@0@0@0@1@0@0@1@0@0@0@1@0@00@0@0@1@1@1@1@1@1@1@1@1@1@0@0@00@0@0@0@0@0@0@0@0@0@0@0@0@0@0@00@0@0@1@1@1@1@1@1@1@1@1@1@0@0@00@0@1@0@0@0@1@0@0@1@0@0@0@1@0@00@1@0@0@0@0@1@0@0@1@0@0@0@0@1@00@0@0@0@0@0@0@0@0@0@0@0@0@0@0@0
11111;9;5;013#011#011#012#012#012#012#013#011#012#012#012#012#013#012#012#011#011#011#012#012#011#011#013#011#011#011#013#013#013#012#011#012#013#012#013#012#011#013#013#012#012#011#011#011#013#011#013#012#012#011#013#012#013#012#011#011#012#012#011#012#013#011#012#013#012#012#012#013#012#013#011#013#011#011#012#011#013#012#011#012#011#013#013#012#011#011#011#011#012#013#013#013#013#011#011#012#011#012#011#011#011#012#012#011#012#012#013#012#011#011#011#013#012#012#013#013#012#012#013#011#013#011#011#011#013#011#013#011#012#011#013#012#013#011#011#013#013#013#011#013#012#011#011;3;3;0@0@0@0@0@0@0@0@0@0@0@0@0@0@0@00@1@0@0@0@0@1@0@0@1@0@0@0@0@1@00@0@1@0@0@0@1@0@0@1@0@0@0@1@0@00@0@0@1@1@1@1@1@1@1@1@1@1@0@0@00@0@0@0@0@0@0@0@0@0@0@0@0@0@0@00@0@0@1@1@1@1@1@1@1@1@1@1@0@0@00@0@1@0@0@0@1@0@0@1@0@0@0@1@0@00@1@0@0@0@0@1@0@0@1@0@0@0@0@1@00@0@0@0@0@0@0@0@0@0@0@0@0@0@0@0
10000;9;6;0;0;0;0@0@0@0@0@0@0@0@0@0@0@0@0@0@0@00@0@0@0@0@0@0@0@0@0@0@0@0@0@0@00@0@0@0@1@0@0@0@0@0@0@1@0@0@0@00@0@0@1@1@1@0@0@0@0@1@1@1@0@0@00@0@1@1@1@1@1@0@0@1@1@1@1@1@0@00@0@0@1@1@1@0@0@0@0@1@1@1@0@0@00@0@0@0@1@0@0@0@0@0@0@1@0@0@0@00@0@0@0@0@0@0@0@0@0@0@0@0@0@0@00@0@0@0@0@0@0@0@0@0@0@0@0@0@0@0
10000;9;7;0;0;0;0@0@0@0@0@0@0@0@0@0@0@0@0@0@0@00@0@0@0@0@0@0@0@0@0@0@0@0@0@0@00@0@0@0@1@0@0@0@0@0@0@1@0@0@0@00@0@0@1@1@1@0@0@0@0@1@1@1@0@0@00@0@1@1@1@1@1@0@0@1@1@1@1@1@0@00@0@0@1@1@1@0@0@0@0@1@1@1@0@0@00@0@0@0@1@0@0@0@0@0@0@1@0@0@0@00@0@0@0@0@0@0@0@0@0@0@0@0@0@0@00@0@0@0@0@0@0@0@0@0@0@0@0@0@0@0
10000;9;8;0;0;0;0@0@0@0@0@0@0@0@0@0@0@0@0@0@0@00@0@0@0@0@0@0@0@0@0@0@0@0@0@0@00@0@0@0@1@0@0@0@0@0@0@1@0@0@0@00@0@0@1@1@1@0@0@0@0@1@1@1@0@0@00@0@1@1@1@1@1@0@0@1@1@1@1@1@0@00@0@0@1@1@1@0@0@0@0@1@1@1@0@0@00@0@0@0@1@0@0@0@0@0@0@1@0@0@0@00@0@0@0@0@0@0@0@0@0@0@0@0@0@0@00@0@0@0@0@0@0@0@0@0@0@0@0@0@0@0
10000;9;9;0;0;0;0@0@0@0@0@0@0@0@0@0@0@0@0@0@0@00@0@0@0@0@0@0@0@0@0@0@0@0@0@0@00@0@0@0@1@0@0@0@0@0@0@1@0@0@0@00@0@0@1@1@1@0@0@0@0@1@1@1@0@0@00@0@1@1@1@1@1@0@0@1@1@1@1@1@0@00@0@0@1@1@1@0@0@0@0@1@1@1@0@0@00@0@0@0@1@0@0@0@0@0@0@1@0@0@0@00@0@0@0@0@0@0@0@0@0@0@0@0@0@0@00@0@0@0@0@0@0@0@0@0@0@0@0@0@0@0
